{
  "generator-fountain-angular2": {
    "version": "1.0.0-rc1",
    "props": {
      "js": "typescript",
      "css": "css",
      "framework": "angular2",
      "ci": [
        "jenkins"
      ],
      "argv": {
        "remain": [],
        "cooked": [],
        "original": []
      },
      "namespace": "fountain-angular2",
      "modules": "webpack",
      "resolved": "C:\\Users\\Anil\\AppData\\Roaming\\npm\\node_modules\\generator-fountain-webapp\\node_modules\\generator-fountain-angular2\\generators\\app\\index.js",
      "sample": "todoMVC",
      "router": "router"
    }
  }
}